"ENTITY_CD","ENTITY_NAME",YEAR,6,7,8,GRADE_8_MATH,GRADE_8_SCI,GRADE_8_ENGLISH,GRADE_8_SS
"307500011169","P.S. 169 ROBERT F. KENNEDY SCHOOL",2016,19,19,35,3,2,3,3
"307500011811","PS 811M - MICKEY MANTLE SCHOOL",2016,21,20,14,NULL,NULL,NULL,NULL
"307500012017","P.S.  17",2016,17,23,37,8,12,2,4
"307500012176","P.S. 176",2016,22,8,7,NULL,NULL,NULL,NULL
"307500012186","P.S. 186 WALTER J. DAMROSCH SCHOOL",2016,31,41,32,1,1,1,1
"307500012723","SCHOOL 723",2016,40,40,35,9,NULL,5,5
"307500013036","P.S.  36",2016,19,22,26,NULL,NULL,NULL,2
"307500013053","P.S.  53",2016,8,6,8,NULL,NULL,NULL,NULL
"307500013140","P.S. 140",2016,14,15,15,NULL,1,NULL,NULL
"307500013368","P.S. 368",2016,9,20,32,5,6,5,3
"307500013369","P.S. 369 COY L. COX SCHOOL",2016,36,49,41,1,1,1,NULL
"307500014009","WALTER REED SCHOOL",2016,21,23,31,NULL,NULL,NULL,NULL
"307500014023","P.S.  23 AT HILLSIDE PSYCH HOSPITAL",2016,16,23,25,NULL,NULL,NULL,NULL
"307500014075","ROBERT E. PEARY SCHOOL",2016,25,14,17,NULL,NULL,NULL,NULL
"307500014224","P.S. 224",2016,15,14,12,NULL,3,NULL,3
"307500014256","P.S. 256",2016,8,16,26,3,2,1,2
"307500014277","RIVERVIEW SCHOOL (THE)",2016,4,0,5,NULL,1,NULL,1
"307500015025","PS/IS 25 SOUTH RICHMOND HS",2016,46,53,54,NULL,NULL,NULL,NULL
"310100010034","PS 34 FRANKLIN D ROOSEVELT",2016,61,60,50,26,40,26,40
"310100010140","PS 140 NATHAN STRAUS",2016,69,46,72,22,34,22,34
"310100010184","PS 184 SHUANG WEN",2016,84,77,51,26,26,26,NULL
"310100010188","PS 188 ISLAND SCHOOL (THE)",2016,54,60,62,33,18,NULL,30
"310100010301","TECHNOLOGY, ARTS AND SCIENCES STUDIO SCHOOL",2016,47,55,56,28,28,NULL,28
"310100010332","UNIVERSITY NEIGHBORHOOD MIDDLE SCHOOL",2016,37,34,36,17,17,23,40
"310100010345","COLLABORATIVE ACAD OF SCIENCE, TECHNOLOGY AND LANGUAGE ARTS ED",2016,34,40,30,29,29,29,29
"310100010378","SCHOOL FOR GLOBAL LEADERS",2016,100,81,77,20,22,23,NULL
"310100010839","TOMPKINS SQUARE MIDDLE SCHOOL",2016,127,124,121,31,31,NULL,NULL
"310100011450","EAST SIDE COMMUNITY SCHOOL",2016,96,104,93,NULL,18,34,20
"310100011539","NEW EXPLORATIONS INTO SCIENCE,TECH AND MATH HIGH SCHOOL",2016,142,122,138,34,33,28,34
"310100860866","GIRLS PREPARATORY CHARTER SCHOOL OF NEW YORK",2016,68,45,45,20,NULL,23,NULL
"310100861055","GREAT OAKS CHARTER SCHOOL",2016,65,78,67,NULL,NULL,25,NULL
"310200010104","JHS 104 SIMON BARUCH",2016,363,400,348,30,32,29,29
"310200010114","EAST SIDE MIDDLE SCHOOL",2016,149,142,150,17,29,NULL,NULL
"310200010126","PS 126 JACOB AUGUST RIIS",2016,121,109,109,28,28,28,28
"310200010131","MS 131",2016,108,164,139,26,25,30,25
"310200010167","JHS 167 ROBERT F WAGNER",2016,436,426,480,32,32,32,32
"310200010217","PS/IS 217 ROOSEVELT ISLAND",2016,21,25,17,17,17,17,NULL
"310200010255","MS 255 SALK SCHOOL OF SCIENCE",2016,129,121,124,31,31,31,NULL
"310200010260","MS 260 CLINTON SCHOOL WRITERS & ARTISTS",2016,93,92,100,33,33,33,33
"310200010276","BATTERY PARK CITY SCHOOL",2016,93,91,65,33,32,31,33
"310200010289","IS 289",2016,99,99,90,30,30,30,30
"310200010312","NYC LAB MS FOR COLLABORATIVE STUDIES",2016,190,176,184,34,32,NULL,NULL
"310200010347","47 AMERICAN SIGN LANGUAGE AND ENGLISH LOWER SCHOOL (THE)",2016,10,7,12,9,9,NULL,NULL
"310200010397","SPRUCE STREET SCHOOL",2016,63,0,0,NULL,NULL,NULL,NULL
"310200010413","SCHOOL OF THE FUTURE HIGH SCHOOL",2016,112,95,103,28,27,NULL,26
"310200010896","LOWER MANHATTAN COMMUNITY MIDDLE SCHOOL",2016,130,128,128,33,33,33,33
"310200011225","ELLA BAKER SCHOOL",2016,24,23,27,27,NULL,NULL,27
"310200011407","INSTITUTE FOR COLLABORATIVE EDUCATION",2016,65,64,74,24,25,24,NULL
"310200011408","PROFESSIONAL PERFORMING ARTS HIGH SCHOOL",2016,33,29,32,16,32,32,32
"310200011422","QUEST TO LEARN",2016,108,88,118,32,32,32,32
"310200011442","BALLET TECH/NYC PUBLIC SCHOOL FOR DANCE",2016,25,21,23,23,23,23,23
"310200011655","LIFE SCIENCES SECONDARY SCHOOL",2016,19,24,38,19,21,21,22
"310300010054","JHS 54 BOOKER T WASHINGTON",2016,306,260,279,27,26,21,14
"310300010076","PS 76 A PHILLIP RANDOLPH",2016,51,48,56,30,30,30,NULL
"310300010149","PS 149 SOJOURNER TRUTH",2016,23,31,28,25,26,25,26
"310300010165","PS 165 ROBERT E SIMON",2016,57,60,80,25,23,27,25
"310300010180","PS 180 HUGO NEWMAN",2016,59,56,55,28,28,28,28
"310300010191","PS 191 AMSTERDAM",2016,38,48,57,24,24,24,24
"310300010243","MS 243 CENTER SCHOOL",2016,58,61,57,17,19,3,6
"310300010245","MS 245 COMPUTER SCHOOL (THE)",2016,137,134,132,27,NULL,NULL,NULL
"310300010247","MS 247 DUAL LANGUAGE MIDDLE SCHOOL",2016,58,71,64,22,21,21,23
"310300010250","MS 250 WEST SIDE COLLABORATIVE MIDDLE SCHOOL",2016,56,62,62,25,NULL,27,31
"310300010256","MS 256 ACADEMIC AND ATHLETIC EXCELLENCE",2016,37,60,45,25,25,23,25
"310300010258","COMMUNITY ACTION SCHOOL-MS 258",2016,60,81,88,30,30,17,30
"310300010333","PS 333 MANHATTAN SCHOOL FOR CHILDREN",2016,58,57,58,26,29,29,29
"310300010334","ANDERSON SCHOOL (THE)",2016,90,74,62,32,32,32,32
"310300010421","WEST PREP ACADEMY",2016,68,65,61,31,30,30,30
"310300010862","MOTT HALL II",2016,120,110,114,28,28,28,28
"310300011415","WADLEIGH SECONDARY SCHOOL FOR THE PERFORMING  AND VISUAL ARTS",2016,19,14,14,13,8,13,13
"310300011859","SPECIAL MUSIC SCHOOL",2016,16,15,16,16,16,NULL,NULL
"310300011860","FREDERICK DOUGLASS ACADEMY II SECONDARY SCHOOL",2016,8,24,34,23,23,17,NULL
"310300860871","OPPORTUNITY CHARTER SCHOOL",2016,83,78,71,23,26,24,NULL
"310300860881","FUTURE LEADERS INSTITUTE CHARTER SCHOOL",2016,40,43,35,17,2,34,NULL
"310300860897","SUCCESS ACADEMY CHARTER SCHOOL-HARLEM 1",2016,124,80,234,24,29,26,30
"310300860923","SUCCESS ACADEMY CHARTER SCHOOL-HARLEM 4",2016,65,68,0,NULL,NULL,NULL,NULL
"310400010007","PS 7 SAMUEL STERN",2016,53,43,44,19,17,19,NULL
"310400010012","TAG YOUNG SCHOLARS",2016,56,61,52,27,27,27,27
"310400010050","PS 50 VITO MARCANTONIO",2016,27,28,36,19,17,NULL,19
"310400010057","JAMES WELDON JOHNSON SCHOOL",2016,95,99,98,NULL,30,NULL,30
"310400010072","LEXINGTON ACADEMY (THE)",2016,86,85,0,NULL,NULL,NULL,NULL
"310400010096","PS 96 JOSEPH LANZETTA",2016,56,52,56,27,27,27,27
"310400010108","PS 108 ASSEMBLYMAN ANGELO DEL TORO EDUCATIONAL COMPLEX",2016,100,92,94,27,22,27,30
"310400010171","PS 171 PATRICK HENRY",2016,94,99,100,35,33,35,33
"310400010206","PS 206 JOSE CELSO BARBOSA",2016,57,73,67,19,19,22,22
"310400010224","MS 224 MANHATTAN EAST SCHOOL FOR ARTS & ACADEMICS",2016,49,46,71,22,22,24,18
"310400010372","ESPERANZA PREPATORY ACADEMY",2016,59,86,94,28,30,30,24
"310400010377","RENAISSANCE SCHOOL OF THE ARTS",2016,52,55,58,32,34,34,32
"310400010406","GLOBAL TECHNOLOGY PREPARATORY",2016,51,43,63,NULL,32,NULL,NULL
"310400010825","ISAAC NEWTON MS FOR MATH AND SCIENCE",2016,57,86,93,30,33,NULL,NULL
"310400010964","CENTRAL PARK EAST II",2016,33,0,0,NULL,NULL,NULL,NULL
"310400011381","GLOBAL NEIGHBORHOOD SECONDARY SCHOOL",2016,18,35,55,NULL,NULL,26,23
"310400011610","YOUNG WOMEN'S LEADERSHIP SCHOOL",2016,54,54,53,19,28,28,26
"310400860812","HARBOR SCIENCE AND ARTS CHARTER SCHOOL",2016,35,34,28,27,27,27,NULL
"310400860840","HARLEM PREP CHARTER SCHOOL",2016,91,108,94,24,24,24,NULL
"310400860849","HARLEM VILLAGE ACADEMY LEADERSHIP CHARTER SCHOOL",2016,67,65,53,25,25,23,NULL
"310400860919","DREAM CHARTER SCHOOL",2016,48,48,47,24,24,NULL,NULL
"310400860922","SUCCESS ACADEMY CHARTER SCHOOL-HARLEM 3",2016,104,104,0,NULL,NULL,NULL,NULL
"310500010046","PS 46 ARTHUR TAPPAN",2016,69,63,71,40,40,40,NULL
"310500010123","PS 123 MAHALIA JACKSON",2016,59,58,63,28,28,28,28
"310500010129","PS 129 JOHN H FINLEY",2016,35,44,63,27,16,22,21
"310500010161","PS 161 PEDRO ALBIZU CAMPOS",2016,119,109,120,28,27,24,28
"310500010286","IS 286 RENAISSANCE LEADERSHIP ACADEMY",2016,51,63,38,30,30,NULL,30
"310500010302","KNOWLEDGE AND POWER PREP ACADEMY IV",2016,44,45,63,32,34,32,34
"310500010410","URBAN ASSEMBLY INSTITUTE FOR NEW TECHNOLOGIES",2016,32,34,39,19,19,19,19
"310500010514","NEW DESIGN MIDDLE SCHOOL",2016,54,60,94,25,30,23,30
"310500011148","EAGLE ACADEMY FOR YOUNG MEN OF HARLEM",2016,61,57,76,26,22,NULL,26
"310500011362","COLUMBIA SECONDARY SCHOOL",2016,99,94,97,28,33,33,33
"310500011499","FREDERICK DOUGLASS ACADEMY",2016,92,76,101,28,28,25,27
"310500011670","THURGOOD MARSHALL ACADEMY FOR LEARNING & SOCIAL CHANGE",2016,55,51,59,23,22,30,30
"310500860848","HARLEM VILLAGE ACADEMY CHARTER SCHOOL EHVACS",2016,63,70,53,26,26,26,24
"310500860858","KIPP SUCCESS THROUGH TEAMWORK ACHIEVE & RESPON COL PREP CHARTER SCH",2016,81,74,84,25,28,28,28
"310500860864","HARLEM CHILDREN'S ZONE PROMISE ACADEMY CHARTER SCHOOL",2016,93,95,77,19,19,19,20
"310500860883","KIPP INFINITY CHARTER SCHOOL",2016,95,91,78,NULL,26,26,NULL
"310500860886","HARLEM CHILDREN'S ZONE PROMISE ACADEMY II CHARTER SCHOOL",2016,86,80,74,20,19,19,19
"310500860894","DEMOCRACY PREPARATORY CHARTER SCHOOL",2016,106,116,111,26,27,30,NULL
"310500860921","SUCCESS ACADEMY CHARTER SCHOOL-HARLEM 2",2016,87,83,0,NULL,NULL,NULL,NULL
"310500860928","ST HOPE LEADERSHIP ACADEMY CHARTER SCHOOL",2016,116,107,76,23,23,23,24
"310500860979","SUCCESS ACADEMY CHARTER SCHOOL-HARLEM 5",2016,68,0,0,NULL,NULL,NULL,NULL
"310500860989","DEMOCRACY PREP HARLEM CHARTER SCHOOL",2016,95,107,104,26,27,27,25
"310500861001","DEMOCRACY PREP ENDURANCE CHARTER SCHOOL",2016,113,102,109,27,27,28,NULL
"310600010018","PS 18 PARK TERRACE",2016,53,39,49,16,5,11,5
"310600010052","JHS 52 INWOOD",2016,114,136,165,26,21,22,21
"310600010143","JHS 143 ELEANOR ROOSEVELT",2016,95,121,136,30,32,30,31
"310600010187","PS/IS 187 HUDSON CLIFFS",2016,104,95,85,7,12,12,17
"310600010209","HAMILTON GRANGE MIDDLE SCHOOL",2016,88,75,0,NULL,NULL,NULL,NULL
"310600010210","PS/IS 210 21ST CENTURY ACADEMY FOR COMMUNITY LDERSHIP",2016,50,59,47,24,22,17,24
"310600010218","IS 218 SALOME URENA",2016,54,83,96,25,25,25,25
"310600010223","MOTT HALL SCHOOL (THE)",2016,99,86,91,19,18,18,18
"310600010278","PAULA HEDBAVNY SCHOOL",2016,68,68,60,28,28,28,28
"310600010311","AMISTAD DUAL LANGUAGE SCHOOL",2016,38,49,46,21,20,21,22
"310600010319","MS 319 MARIE TERESA",2016,148,199,188,31,28,33,31
"310600010322","MIDDLE SCHOOL 322",2016,104,101,112,28,28,29,30
"310600010324","MS 324 PATRIA MIRABAL",2016,122,155,157,32,26,32,26
"310600010326","MS 326 WRITERS TODAY & LEADERS TOMORROW",2016,44,43,81,15,12,11,16
"310600010328","MS 328 MANHATTAN MIDDLE SCHOOL FOR SCIENTIFIC INQUIRY",2016,32,48,70,25,17,NULL,22
"310600010349","HARBOR HEIGHTS",2016,38,38,56,19,24,NULL,24
"310600010366","WASHINGTON HEIGHTS ACADEMY",2016,62,50,0,NULL,NULL,NULL,NULL
"310600010528","IS 528 BEA FULLER RODGERS SCHOOL",2016,78,60,68,40,40,40,40
"310600011293","CITY COLLEGE ACADEMY OF THE ARTS",2016,97,82,87,23,23,23,18
"310600011346","COMMUNITY HEALTH ACADEMY OF THE HEIGHTS",2016,92,83,96,32,31,24,30
"310600011348","WASHINGTON HEIGHTS EXPEDITIONARY LEARNING SCHOOL",2016,88,81,90,31,34,31,32
"310600860929","EQUITY PROJECT CHARTER SCHOOL (THE)",2016,118,120,112,28,28,19,23
"310600860966","INWOOD ACADEMY FOR LEADERSHIP CHARTER SCHOOL",2016,121,121,128,28,18,NULL,NULL
"310600861013","KIPP NYC WASHINGTON HEIGHTS ACADEMY CHARTER SCHOOL",2016,91,98,99,25,25,25,24
"320700010005","PS 5 PORT MORRIS",2016,75,95,88,26,NULL,27,26
"320700010029","PS/MS 29 MELROSE SCHOOL",2016,74,92,96,33,32,21,29
"320700010031","PS/MS 31 THE WILLIAM LLOYD GARRISON",2016,78,80,87,26,26,26,26
"320700010151","JHS 151 LOU GEHRIG",2016,76,76,97,25,26,19,26
"320700010162","JHS 162 LOLA RODRIGUEZ DE TIO",2016,119,121,122,26,22,30,30
"320700010223","MS 223 LABORATORY SCHOOL OF FINANCE AND TECHNOLOGY (THE)",2016,91,99,99,31,24,30,31
"320700010224","PS/IS 224",2016,119,126,120,28,27,28,30
"320700010296","SOUTH BRONX ACADEMY FOR APPLIED MEDIA",2016,98,115,121,26,26,27,26
"320700010298","ACADEMY OF PUBLIC RELATIONS",2016,81,98,128,23,23,23,NULL
"320700010343","ACADEMY OF APPLIED MATHEMATICS AND TECHNOLOGY",2016,95,105,104,25,31,25,NULL
"320700011221","SOUTH BRONX PREPARATORY - A COLLEGE BOARD SCHOOL",2016,92,96,105,25,25,24,25
"320700011500","HOSTOS-LINCOLN ACADEMY OF SCIENCE",2016,50,68,66,22,22,26,23
"320700011551","URBAN ASSEMBLY BRONX ACADEMY OF LETTERS (THE)",2016,79,81,94,29,26,23,20
"320700860820","KIPP ACADEMY CHARTER SCHOOL",2016,83,74,70,24,23,22,23
"320700860915","BRONX GLOBAL LEARNING INSTITUTE FOR GIRLS CHARTER SCHOOL",2016,48,41,44,NULL,NULL,22,NULL
"320700860957","ACADEMIC LEADERSHIP CHARTER SCHOOL",2016,104,50,0,NULL,NULL,NULL,NULL
"320700860981","SUCCESS ACADEMY CHARTER SCHOOL-BRONX 1",2016,64,0,0,NULL,NULL,NULL,NULL
"320800010071","PS 71 ROSE E SCALA",2016,197,200,181,23,23,23,23
"320800010101","MS 101 EDWARD R BYRNE",2016,168,168,162,28,28,27,28
"320800010123","JHS 123 JAMES M KIERNAN",2016,85,120,134,31,31,26,31
"320800010125","JHS 125 HENRY HUDSON",2016,95,113,156,35,35,35,35
"320800010131","JHS 131 ALBERT EINSTEIN",2016,167,151,220,35,37,35,37
"320800010301","MS 301 PAUL L DUNBAR",2016,69,58,71,40,40,22,40
"320800010302","MS 302 LUISA DESSUS CRUZ",2016,152,164,178,30,30,29,22
"320800010337","SCHOOL FOR INQUIRY AND SOCIAL JUSTICE (THE)",2016,165,189,115,28,30,34,29
"320800010366","URBAN ASSEMBLY FOR CIVIC ENGAGEMENT",2016,4,41,47,18,25,21,18
"320800010371","URBAN INSTITUTE OF MATHEMATICS",2016,84,110,88,4,3,4,5
"320800010375","BRONX MATHEMATICS PREPARATORY SCHOOL (THE)",2016,65,83,101,21,28,30,28
"320800010424","HUNTS POINT SCHOOL (THE)",2016,102,107,100,26,23,31,23
"320800010448","SOUNDVIEW ACADEMY FOR CULTURE AND SCHOLARSHIP",2016,118,117,122,30,NULL,30,30
"320800010467","MOTT HALL COMMUNITY SCHOOL",2016,88,78,74,22,22,24,22
"320800010562","BLUEPRINT MIDDLE SCHOOL",2016,91,103,105,25,25,NULL,NULL
"320800011269","BRONX STUDIO SCHOOL FOR WRITERS AND ARTISTS",2016,82,87,80,24,24,24,19
"320800011367","ARCHIMEDES ACADEMY FOR MATH, SCIENCE AND TECHNOLOGY APPLICATIONS",2016,96,86,93,NULL,21,21,17
"320800011376","ANTONIA PANTOJA PREPARATORY ACADEMY",2016,49,60,73,29,35,35,35
"320800860872","GRAND CONCOURSE ACAD CHARTER SCH",2016,44,0,0,NULL,NULL,NULL,NULL
"320800860903","HYDE LEADERSHIP CHARTER SCHOOL",2016,75,71,80,26,NULL,36,NULL
"320800860940","GIRLS PREPARATORY CHARTER SCHOOL OF THE BRONX",2016,109,107,0,NULL,NULL,NULL,NULL
"320900010004","PS/MS 4 CROTONA PARK WEST",2016,52,46,63,29,22,29,29
"320900010022","JHS 22 JORDAN L MOTT",2016,139,137,147,26,25,25,25
"320900010117","IS 117 JOSEPH H WADE",2016,141,213,205,33,35,32,35
"320900010128","MOTT HALL III",2016,130,117,121,30,30,30,30
"320900010145","JHS 145 ARTURO TOSCANINI",2016,70,111,109,22,26,22,22
"320900010215","KAPPA",2016,81,65,105,24,21,24,21
"320900010218","PS/IS 218 RAFAEL HERNANDEZ DUAL LANGUAGE MAGNET SCHOOL",2016,101,86,89,30,30,30,30
"320900010219","IS 219 NEW VENTURE SCHOOL",2016,125,89,113,28,22,27,26
"320900010229","IS 229 ROLAND PATTERSON",2016,79,88,95,25,19,25,25
"320900010232","IS 232",2016,134,185,191,30,31,30,28
"320900010303","IS 303 LEADERSHIP & COMM SERVICE",2016,139,84,99,31,30,24,29
"320900010313","IS 313 SCHOOL OF LEADERSHIP DEVELOPMENT",2016,95,107,109,18,21,19,24
"320900010323","BRONX WRITING ACADEMY",2016,148,142,168,21,27,19,27
"320900010325","URBAN SCIENCE ACADEMY",2016,88,103,109,33,28,28,25
"320900010327","COMPREHENSIVE MODEL SCHOOL PROJECT MS 327",2016,94,102,98,30,NULL,30,30
"320900010328","NEW MILLENNIUM BUSINESS ACADEMY MIDDLE SCHOOL",2016,72,66,52,18,18,18,18
"320900010339","IS 339",2016,175,173,159,15,16,15,15
"320900010361","HIGHBRIDGE GREEN SCHOOL (THE)",2016,140,124,120,31,31,30,30
"320900010454","SCIENCE AND TECHNOLOGY ACADEMY:  A MOTT HALL SCHOOL",2016,133,153,143,33,30,33,30
"320900010568","YOUNG WOMEN'S LEADERSHIP SCHOOL OF THE BRONX",2016,88,80,84,21,21,20,22
"320900011231","EAGLE ACADEMY FOR YOUNG MEN",2016,71,72,88,23,24,NULL,NULL
"320900011241","URBAN ASSEMBLY SCHOOL FOR APPLIED MATH AND SCIENCE",2016,87,91,84,23,21,30,26
"320900011324","BRONX EARLY COLLEGE ACADEMY FOR TEACHING AND LEARNING",2016,65,81,71,24,20,33,25
"320900011350","NEW DIRECTIONS SECONDARY SCHOOL",2016,30,59,69,18,18,16,20
"320900011413","BRONX HIGH SCHOOL FOR MEDICAL SCIENCE",2016,58,49,58,29,29,29,29
"320900011505","BRONX SCHOOL FOR LAW, GOVERNMENT AND JUSTICE",2016,92,99,96,31,27,31,23
"320900860807","BRONX PREPARATORY CHARTER SCHOOL",2016,119,145,88,30,30,29,30
"320900860823","HARRIET TUBMAN CHARTER SCHOOL",2016,73,71,67,NULL,NULL,NULL,NULL
"320900860835","ICAHN CHARTER SCHOOL 1",2016,33,36,31,23,NULL,31,31
"320900860839","FAMILY LIFE ACADEMY CHARTER SCHOOL I",2016,52,50,48,NULL,NULL,24,NULL
"320900860913","BRONX ACADEMY OF PROMISE CHARTER SCHOOL",2016,62,64,53,NULL,NULL,NULL,NULL
"320900860962","METROPOLITAN LIGHTHOUSE CHARTER SCHOOL",2016,53,53,0,NULL,NULL,NULL,NULL
"320900860980","SUCCESS ACADEMY CHARTER SCHOOL-BRONX 2",2016,74,0,0,NULL,NULL,NULL,NULL
"320900861004","MOTT HALL CHARTER SCHOOL",2016,110,80,56,28,28,28,28
"321000010003","PS 3 RAUL JULIA MICRO SOCIETY",2016,38,26,42,19,17,19,19
"321000010015","PS 15 INSTITUTE FOR ENVIRONMENTAL LEARNING",2016,61,67,54,27,27,27,27
"321000010020","PS 20 PO GEORGE J WERDAN III",2016,133,83,91,28,30,28,20
"321000010037","PS 37 MULTIPLE INTELLIGENCE SCHOOL",2016,56,72,61,38,22,40,40
"321000010045","THOMAS C GIORDANO MIDDLE SCHOOL 45",2016,253,222,251,29,27,30,27
"321000010080","JHS 80 THE MOSHOLU PARKWAY",2016,193,222,201,36,37,31,36
"321000010086","PS 86 KINGSBRIDGE HEIGHTS",2016,212,0,0,NULL,NULL,NULL,NULL
"321000010095","PS 95 SHEILA MENCHER",2016,142,152,144,27,25,23,27
"321000010118","JHS 118 WILLIAM W NILES",2016,388,379,390,27,25,26,26
"321000010206","IS 206 ANN MERSEREAU",2016,57,79,103,27,23,22,26
"321000010225","THEATRE ARTS PRODUCTION COMPANY SCHOOL",2016,64,74,70,24,26,26,24
"321000010228","JONAS BRONCK ACADEMY",2016,87,88,87,29,30,29,30
"321000010244","NEW SCHOOL FOR LEADERSHIP AND JOURNALISM (THE)",2016,168,274,323,26,33,27,33
"321000010254","IS 254",2016,129,188,148,28,29,19,22
"321000010279","PS 279 CAPT MANUEL RIVERA JR",2016,125,119,115,27,24,NULL,30
"321000010280","PS/MS 280 MOSHOLU PARKWAY",2016,103,103,94,40,24,31,30
"321000010308","BRONX DANCE ACADEMY SCHOOL",2016,84,97,95,33,33,31,31
"321000010315","PS 315 LAB SCHOOL",2016,31,27,49,30,30,30,30
"321000010331","THE BRONX SCHOOL OF YOUNG LEADERS",2016,123,143,127,23,30,30,30
"321000010363","ACADEMY FOR PERSONAL LEADERSHIP AND EXCELLENCE",2016,143,150,151,28,NULL,28,30
"321000010368","IN-TECH ACADEMY (MS/HS 368)",2016,125,158,146,30,31,33,32
"321000010390","MS 390",2016,198,149,111,28,24,25,NULL
"321000010391","ANGELO PATRI MIDDLE SCHOOL (THE)",2016,190,173,157,23,24,22,22
"321000010447","CRESTON ACADEMY",2016,140,170,163,35,35,36,35
"321000011141","RIVERDALE/KINGSBRIDGE ACADEMY (MS/HS 141)",2016,247,250,224,33,32,32,31
"321000011243","WEST BRONX ACADEMY FOR THE FUTURE",2016,73,94,79,17,26,26,19
"321000011342","INTERNATIONAL SCHOOL FOR LIBERAL ARTS",2016,40,63,52,28,15,28,21
"321000011459","EAST FORDHAM ACADEMY FOR THE ARTS",2016,86,101,134,25,25,25,25
"321000860914","BRONX COMMUNITY CHARTER SCHOOL",2016,50,0,0,NULL,NULL,NULL,NULL
"321100010019","PS 19 JUDITH K WEISS",2016,49,57,53,29,29,29,29
"321100010083","PS 83 DONALD HERTZ",2016,232,225,229,32,32,32,32
"321100010089","PS 89",2016,158,178,175,28,32,29,28
"321100010127","JHS 127 CASTLE HILL (THE)",2016,247,219,273,24,27,30,27
"321100010144","JHS 144 MICHELANGELO",2016,135,153,177,29,32,25,32
"321100010175","PS 175 CITY ISLAND",2016,46,42,33,13,13,NULL,17
"321100010180","MS 180 DR DANIEL HALE WILLIAMS",2016,273,280,297,35,35,35,35
"321100010181","IS 181 PABLO CASALS",2016,315,268,277,29,29,29,30
"321100010194","PS/MS 194",2016,161,155,154,31,31,31,31
"321100010287","FORWARD SCHOOL (THE)",2016,71,79,106,26,29,26,29
"321100010289","YOUNG SCHOLARS ACADEMY OF THE BRONX (THE)",2016,86,96,103,21,20,20,18
"321100010326","BRONX GREEN MIDDLE SCHOOL",2016,118,130,136,25,26,30,26
"321100010355","BRONX ALLIANCE MIDDLE SCHOOL",2016,119,103,112,28,40,32,28
"321100010370","SCHOOL OF DIPLOMACY",2016,91,68,71,32,NULL,26,32
"321100010462","CORNERSTONE ACADEMY FOR SOCIAL ACTION MIDDLE SCHOOL",2016,84,83,81,27,27,NULL,NULL
"321100010468","PELHAM ACADEMY OF ACADEMICS AND COMMUNITY ENGAGEMENT",2016,94,122,130,30,27,27,31
"321100010498","PS/MS 498 VAN NEST ACADEMY",2016,94,98,88,30,29,30,30
"321100010529","ONE WORLD MIDDLE SCHOOL AT EDENWALD",2016,115,105,106,30,28,28,28
"321100010532","BAYCHESTER MIDDLE SCHOOL",2016,111,97,92,30,30,25,25
"321100010556","BRONX PARK MIDDLE SCHOOL",2016,122,146,124,30,30,30,30
"321100010566","PELHAM GARDENS MIDDLE SCHOOL",2016,142,150,164,26,25,26,25
"321100011272","GLOBE SCHOOL FOR ENVIRONMENTAL RESEARCH",2016,49,63,80,23,11,24,23
"321100860859","BRONX CHARTER SCHOOL FOR EXCELLENCE",2016,89,89,53,NULL,NULL,NULL,NULL
"321100860909","ICAHN CHARTER SCHOOL 2",2016,35,34,34,27,34,34,NULL
"321100860917","ICAHN CHARTER SCHOOL 3",2016,35,25,21,11,11,11,11
"321100860948","ICAHN CHARTER SCHOOL 4",2016,34,28,33,31,31,30,31
"321100860956","EQUALITY CHARTER SCHOOL",2016,89,90,90,30,NULL,NULL,NULL
"321100860982","ICAHN CHARTER SCHOOL 5",2016,30,0,0,NULL,NULL,NULL,NULL
"321200010098","JHS 98 HERMAN RIDDER",2016,40,86,67,22,28,28,25
"321200010129","MS 129 ACADEMY OF INDEPENDENT LEARNING AND LEADERSHIP",2016,178,200,171,30,30,30,30
"321200010190","ESMT-IS 190",2016,80,77,79,23,24,24,24
"321200010211","PS 211",2016,69,66,102,31,26,30,34
"321200010212","PS 212",2016,56,67,62,16,15,18,17
"321200010214","PS 214",2016,163,139,140,22,27,25,28
"321200010217","SCHOOL OF PERFORMING ARTS",2016,107,106,108,24,25,24,24
"321200010242","MOTT HALL V",2016,104,102,100,32,35,26,33
"321200010273","FREDERICK DOUGLASS ACADEMY V MIDDLE SCHOOL",2016,88,89,93,30,30,30,31
"321200010286","FANNIE LOU HAMER MIDDLE SCHOOL",2016,86,96,82,27,30,26,26
"321200010316","KNOWLEDGE AND POWER PREPARATORY ACADEMY III",2016,122,117,121,28,28,28,28
"321200010318","IS 318 MATH, SCIENCE & TECH THROUGH ARTS SCHOOL",2016,105,98,88,33,33,33,33
"321200010341","ACCION ACADEMY",2016,52,35,62,15,17,11,29
"321200010372","URBAN ASSEMBLY SCHOOL FOR WILDLIFE CONSERVATION",2016,77,65,62,22,22,22,22
"321200010383","EMOLIOR ACADEMY",2016,71,81,81,27,31,34,28
"321200010384","ENTRADA ACADEMY",2016,58,92,91,22,22,22,22
"321200011267","BRONX LATIN SCHOOL",2016,72,80,94,29,30,28,30
"321200011271","EAST BRONX ACADEMY FOR THE FUTURE",2016,84,90,78,29,26,26,26
"321200860870","BRONX LIGHTHOUSE CHARTER SCHOOL",2016,47,43,66,22,22,22,NULL
"321200860898","SOUTH BRONX CLASSICAL CHARTER SCHOOL",2016,42,30,21,NULL,NULL,NULL,NULL
"321200860965","DR RICHARD IZQUIERDO HEALTH AND SCIENCE CHARTER SCHOOL",2016,116,121,167,21,21,21,21
"331300010008","PS 8 ROBERT FULTON",2016,77,85,53,28,27,27,27
"331300010113","MS 113 RONALD EDMONDS LEARNING CENTER",2016,102,129,168,27,24,22,27
"331300010265","DR SUSAN S MCKINNEY SECONDARY SCHOOL OF THE ARTS",2016,42,39,36,20,18,19,NULL
"331300010266","MS 266 PARK PLACE COMMUNITY MIDDLE SCHOOL",2016,62,42,26,25,13,13,13
"331300010282","PS 282 PARK SLOPE",2016,106,88,120,31,30,30,31
"331300010301","SATELLITE EAST MIDDLE SCHOOL",2016,35,32,30,13,15,10,NULL
"331300010313","SATELLITE WEST MIDDLE SCHOOL",2016,24,20,31,9,16,9,11
"331300010351","URBAN ASSEMBLY UNISON SCHOOL (THE)",2016,42,47,62,33,30,27,NULL
"331300010596","MS 596 PEACE ACADEMY",2016,20,11,18,34,34,34,34
"331300010691","FORT GREEN PREPARATORY ACADEMY",2016,82,81,78,24,27,27,25
"331300011492","ACADEMY OF ARTS AND LETTERS",2016,58,65,59,27,27,22,29
"331300011527","URBAN ASSEMBLY INSTITUTE OF MATH AND SCIENCE FOR YOUNG WOMEN",2016,51,65,57,16,36,30,36
"331300860810","COMMUNITY PARTNERSHIP CHARTER SCHOOL",2016,62,50,47,NULL,NULL,NULL,NULL
"331300860893","COMMUNITY ROOTS CHARTER SCHOOL",2016,55,54,53,12,NULL,NULL,NULL
"331300860901","LEADERSHIP PREPARATORY BEDFORD STUYVESANT CHARTER SCHOOL",2016,93,81,67,19,19,18,19
"331300860902","ACHIEVEMENT FIRST ENDEAVOR CHARTER SCHOOL",2016,90,83,87,30,NULL,30,NULL
"331300861056","UNITY PREPARATORY CHARTER SCHOOL OF BROOKLYN",2016,104,101,113,NULL,NULL,NULL,21
"331400010050","JHS 50 JOHN D WELLS",2016,53,57,84,25,25,21,NULL
"331400010084","PS 84 JOSE DE DIEGO",2016,68,60,0,NULL,NULL,NULL,NULL
"331400010126","JOHN ERICSSON MIDDLE SCHOOL 126",2016,129,143,100,23,25,25,24
"331400010157","PS/IS 157 BENJAMIN FRANKLIN HEATH AND SCIENCE (THE)",2016,54,62,52,21,21,21,21
"331400010318","IS 318 EUGENO MARIA DE HOSTOS",2016,472,504,495,30,30,30,30
"331400010577","CONSELYEA PREPARATORY SCHOOL",2016,180,155,170,34,33,36,36
"331400010582","MS 582",2016,86,82,74,22,23,22,NULL
"331400011071","JUAN MOREL CAMPOS SECONDARY SCHOOL",2016,53,78,87,28,28,28,27
"331400011330","URBAN ASSEMBLY SCHOOL FOR THE URBAN ENVIRONMENT (THE)",2016,27,27,23,24,24,24,NULL
"331400011586","LYONS COMMUNITY SCHOOL",2016,60,44,74,24,23,24,23
"331400011614","YOUNG WOMEN'S LEADERSHIP SCHOOL OF BROOKLYN",2016,52,38,47,26,26,26,26
"331400860825","BEGINNING WITH CHILDREN CHARTER SCHOOL",2016,55,39,53,NULL,NULL,NULL,NULL
"331400860885","WILLIAMSBURG COLLEGIATE CHARTER SCHOOL",2016,87,85,75,10,NULL,18,NULL
"331500010051","MS 51 WILLIAM ALEXANDER",2016,374,374,375,28,28,32,32
"331500010088","JHS 88 PETER ROUGET",2016,436,406,408,27,26,30,26
"331500010136","IS 136 CHARLES O DEWEY",2016,153,155,184,29,31,31,31
"331500010442","MS 442 CARROLL GARDENS SCHOOL FOR INNOVATION",2016,78,65,75,24,23,25,25
"331500010443","NEW VOICES SCHOOL OF ACADEMIC AND CREATIVE ARTS",2016,188,181,172,29,27,28,NULL
"331500010447","MATH AND SCIENCE EXPLORATORY SCHOOL (THE)",2016,180,174,171,30,29,30,30
"331500010448","BROOKLYN SECONDARY SCHOOL FOR COLLABORATIVE STUDIES",2016,78,89,95,25,31,31,32
"331500010821","SUNSET PARK PREP",2016,173,172,173,20,29,29,30
"331500011464","PARK SLOPE COLLEGIATE",2016,72,45,47,24,24,24,24
"331500011497","SCHOOL FOR INTERNATIONAL STUDIES",2016,101,41,31,1,NULL,34,34
"331500860878","HELLENIC CLASSICAL CHARTER SCHOOL",2016,53,46,52,26,NULL,NULL,NULL
"331500860927","PAVE ACADEMY CHARTER SCHOOL",2016,54,49,24,24,NULL,NULL,NULL
"331500860935","BROOKLYN PROSPECT CHARTER SCHOOL",2016,108,107,106,25,23,27,NULL
"331500860953","SUMMIT ACADEMY CHARTER SCHOOL",2016,33,36,47,15,15,15,NULL
"331500861011","BROOKLYN URBAN GARDEN CHARTER SCHOOL",2016,86,86,118,29,29,29,27
"331600010035","MS 35 STEPHEN DECATUR",2016,48,63,57,26,20,30,30
"331600010057","JHS 57 WHITELAW REID",2016,64,48,54,19,18,18,NULL
"331600010262","PS 262 EL HAJJ MALIK EL SHABAZZ ELEMENTARY SCHOOL",2016,68,42,60,40,NULL,40,NULL
"331600010267","MS 267 MATH, SCIENCE & TECHNOLOGY",2016,39,64,74,24,21,24,21
"331600010308","PS 308 CLARA CARDWELL",2016,53,56,61,28,26,28,17
"331600010385","SCHOOL OF BUSINESS FINANCE & ENTREPRENEURSHIP",2016,14,21,25,17,17,17,17
"331600010534","UPPER SCHOOL AT PS 25",2016,21,27,41,18,14,18,18
"331600010584","MS 584",2016,24,26,41,14,14,14,14
"331600010681","MADIBA PREP MIDDLE SCHOOL",2016,53,45,74,18,17,14,17
"331600860847","BROOKLYN EXCELSIOR CHARTER SCHOOL",2016,76,78,68,22,NULL,23,22
"331600860860","EXCELLENCE BOYS CHARTER SCHOOL OF BEDFORD STUYVESANT",2016,84,73,53,16,NULL,NULL,NULL
"331600860918","BEDFORD STUYVESANT COLLEGIATE CHARTER SCHOOL",2016,94,79,75,NULL,NULL,24,24
"331600860938","EXCELLENCE GIRLS CHARTER SCHOOL",2016,88,76,0,NULL,NULL,NULL,NULL
"331600860971","BEDFORD STUYVESANT NEW BEGINNINGS CHARTER SCHOOL",2016,53,46,49,16,16,16,16
"331700010002","PARKSIDE PREPARATORY ACADEMY",2016,144,169,157,29,27,29,30
"331700010061","MS 61 DR GLADSTONE H ATWELL",2016,284,277,236,NULL,23,NULL,13
"331700010138","PS 138",2016,96,93,86,27,28,26,27
"331700010181","PS 181",2016,89,82,92,26,24,24,24
"331700010189","PS 189 BILINGUAL CENTER (THE)",2016,110,135,143,27,24,25,18
"331700010246","MS 246 WALT WHITMAN",2016,121,150,194,30,30,30,29
"331700010334","MIDDLE SCHOOL FOR ACADEMIC AND SOCIAL EXCELLENCE",2016,11,29,41,18,NULL,18,18
"331700010340","IS 340",2016,74,74,55,21,27,31,NULL
"331700010352","EBBETS FIELD MIDDLE SCHOOL",2016,43,54,90,19,19,25,23
"331700010353","ELIJAH STROUD MIDDLE SCHOOL",2016,36,62,96,30,30,30,30
"331700010354","SCHOOL OF INTEGRATED LEARNING (THE)",2016,49,66,82,22,23,14,18
"331700010394","MS 394",2016,53,65,74,22,17,20,20
"331700010484","RONALD EDMONDS LEARNING CTR II",2016,44,44,52,23,23,23,NULL
"331700010722","NEW HEIGHTS MIDDLE SCHOOL",2016,65,104,92,18,21,21,21
"331700011382","ACAD FOR COLLEGE PREP & CAREER EXPLORATION: A COLLEGE BOARD SCH",2016,35,46,55,21,32,17,32
"331700011531","SCHOOL FOR HUMAN RIGHTS (THE)",2016,16,45,41,21,21,21,21
"331700011533","SCHOOL FOR DEMOCRACY AND LEADERSHIP",2016,11,17,16,NULL,9,7,20
"331700011543","SCIENCE, TECH & RESEARCH HIGH SCHOOL AT ERASMUS",2016,72,64,59,21,20,21,20
"331700011590","MEDGAR EVERS COLLEGE PREPARATORY SCHOOL",2016,91,110,95,29,26,NULL,32
"331700860841","EXPLORE CHARTER SCHOOL",2016,57,51,55,17,18,18,18
"331700860879","ACHIEVEMENT FIRST CROWN HEIGHTS CHARTER SCHOOL",2016,91,87,76,30,NULL,NULL,NULL
"331700860882","KIPP AMP CHARTER SCHOOL",2016,86,89,82,19,NULL,8,26
"331700860950","EXPLORE EMPOWER CHARTER SCHOOL",2016,55,58,46,16,15,15,15
"331700860951","FAHARI ACADEMY CHARTER SCHOOL",2016,105,100,109,26,24,29,25
"331700861027","EXPLORE EXCEED CHARTER SCHOOL",2016,66,0,0,NULL,NULL,NULL,NULL
"331800010066","PS 66",2016,105,101,107,30,30,NULL,30
"331800010068","IS 68 ISAAC BILDERSEE",2016,112,143,215,32,28,25,26
"331800010211","IS 211 JOHN WILSON",2016,174,182,214,31,24,30,30
"331800010235","PS 235 LENOX SCHOOL",2016,98,111,82,21,23,23,17
"331800010285","IS 285 MEYER LEVIN",2016,184,222,294,31,31,30,32
"331800010366","SCIENCE AND MEDICINE MIDDLE SCHOOL (THE)",2016,145,178,174,28,28,28,28
"331800010581","EAST FLATBUSH COMMUNITY RESEARCH SCHOOL",2016,25,39,67,25,33,40,NULL
"331800010588","MIDDLE SCHOOL FOR ART AND PHILOSPHY",2016,70,56,94,40,40,40,40
"331800010598","MIDDLE SCHOOL OF MARKETING AND LEGAL STUDIES",2016,41,63,74,32,32,32,30
"331800860702","EXPLORE EXCEL CHARTER SCHOOL",2016,65,62,0,NULL,NULL,NULL,NULL
"331800860908","KINGS COLLEGIATE CHARTER SCHOOL",2016,87,86,71,23,NULL,NULL,NULL
"331800860916","BROOKLYN ASCEND CHARTER SCHOOL",2016,109,81,80,20,NULL,NULL,NULL
"331800860943","LEADERSHIP PREPARATORY CANARSIE CHARTER SCHOOL",2016,87,80,0,NULL,NULL,NULL,NULL
"331900010089","PS 89 CYPRESS HILLS",2016,57,53,63,29,29,29,40
"331900010171","IS 171 ABRAHAM LINCOLN",2016,150,143,252,31,31,31,31
"331900010218","JHS 218 JAMES P SINNOTT",2016,108,128,176,35,37,37,38
"331900010292","JHS 292 MARGARET S DOUGLAS",2016,173,215,230,26,26,28,25
"331900010306","PS 306 ETHAN ALLEN",2016,56,43,54,19,19,19,8
"331900010311","ESSENCE SCHOOL",2016,35,40,46,15,15,15,15
"331900010364","IS 364 GATEWAY",2016,106,103,106,25,25,27,24
"331900010452","FREDERICK DOUGLASS ACADEMY VIII MIDDLE SCHOOL",2016,108,102,99,28,25,24,24
"331900010654","VAN SICLEN COMMUNITY MIDDLE SCHOOL",2016,75,112,115,NULL,29,30,29
"331900010661","VISTA ACADEMY",2016,106,113,119,31,31,NULL,NULL
"331900010662","LIBERTY AVENUE MIDDLE SCHOOL",2016,124,147,156,31,34,31,32
"331900010663","SCHOOL OF THE FUTURE BROOKLYN",2016,56,46,56,26,26,21,20
"331900010678","EAST NEW YORK MIDDLE SCHOOL OF EXCELLENCE",2016,82,88,88,30,30,30,NULL
"331900011404","ACADEMY FOR YOUNG WRITERS",2016,71,72,71,24,24,NULL,NULL
"331900011409","EAST NEW YORK FAMILY ACADEMY",2016,71,69,69,24,24,24,24
"331900011422","SPRING CREEK COMMUNITY SCHOOL",2016,84,73,73,27,24,24,24
"331900860880","ACHIEVEMENT FIRST EAST NEW YORK CHARTER SCHOOL",2016,56,68,71,1,1,1,1
"331900860933","ACHIEVEMENT FIRST APOLLO CHARTER SCHOOL",2016,101,0,0,NULL,NULL,NULL,NULL
"331900860958","BROOKLYN SCHOLARS CHARTER SCHOOL",2016,77,79,50,26,26,25,25
"331900860997","INVICTUS PREPARATORY CHARTER SCHOOL",2016,95,78,99,25,NULL,NULL,NULL
"332000010030","PS/IS 30 MARY WHITE OVINGTON",2016,122,133,154,27,31,26,31
"332000010062","JHS 62 DITMAS",2016,359,385,428,29,29,27,27
"332000010104","PS/IS 104 FORT HAMILTON SCHOOL (THE)",2016,164,158,161,32,33,33,33
"332000010163","PS 163 BATH BEACH",2016,89,70,68,29,23,23,12
"332000010180","SEEALL ACADEMY (THE)",2016,183,173,155,26,26,23,27
"332000010187","IS 187 CHRISTA MCAULIFFE SCHOOL (THE)",2016,285,329,354,27,32,32,31
"332000010192","PS 192 MAGNET SCHOOL FOR MATH AND SCIENCE INQUIRY",2016,69,50,61,40,40,30,40
"332000010201","JHS 201 DYKER HEIGHTS (THE)",2016,509,483,476,29,30,30,30
"332000010220","JHS 220 JOHN J PERSHING",2016,495,477,453,28,29,27,29
"332000010223","JHS 223 MONTAUK (THE)",2016,327,332,337,29,23,29,25
"332000010227","JHS 227 EDWARD B SHALLOW",2016,414,416,438,29,28,30,29
"332000010229","PS 229 DYKER",2016,131,96,91,31,31,28,28
"332000010259","JHS 259 WILLIAM MCKINLEY",2016,562,559,487,29,29,30,29
"332000010686","BROOKLYN SCHOOL OF INQUIRY",2016,96,59,0,NULL,NULL,NULL,NULL
"332000011609","URBAN ASSEMBLY SCHOOL FOR CRIMINAL JUSTICE",2016,72,76,57,18,28,28,28
"332100010095","PS 95 GRAVESEND (THE)",2016,45,44,52,21,17,17,17
"332100010096","IS 96 SETH LOW",2016,197,205,228,28,29,29,29
"332100010098","IS 98 BAY ACADEMY",2016,522,505,467,33,34,34,34
"332100010099","PS 99 ISAAC ASIMOV",2016,85,82,74,18,21,18,25
"332100010121","PS 121 NELSON A ROCKEFELLER",2016,26,29,30,15,12,29,16
"332100010209","PS 209 MARGARET MEAD",2016,58,48,65,20,17,18,17
"332100010225","PS 225 EILEEN E ZAGLIN (THE)",2016,125,106,140,35,30,33,35
"332100010226","PS 226 ALFRED DE B MASON",2016,97,104,85,25,25,25,25
"332100010228","IS 228 DAVID A BOODY",2016,413,537,407,29,29,30,29
"332100010238","PS 238 ANNE SULLIVAN",2016,51,56,42,29,18,18,18
"332100010239","MARK TWAIN IS 239 FOR THE GIFTED AND TALENTED",2016,472,393,476,38,19,38,39
"332100010281","IS 281 JOSEPH B CAVALLARO",2016,382,372,398,30,30,30,30
"332100010288","PS 288 SHIRLEY TANYHILL (THE)",2016,55,43,30,26,33,26,26
"332100010303","IS 303 HERBERT S EISENBERG",2016,166,147,182,31,31,31,31
"332100011468","KINGSBOROUGH EARLY COLLEGE SCHOOL",2016,104,85,57,27,22,23,20
"332100011690","BROOKLYN STUDIO SECONDARY SCHOOL",2016,84,82,87,22,22,24,22
"332100860949","CONEY ISLAND PREPARATORY PUBLIC CHARTER SCHOOL",2016,83,85,92,30,NULL,30,NULL
"332200010014","JHS 14 SHELL BANK",2016,154,188,177,23,28,25,25
"332200010078","JHS 78 ROY H MANN",2016,183,196,251,30,28,30,29
"332200010109","PS 109",2016,100,81,85,23,23,23,24
"332200010206","PS 206 JOSEPH F LAMB",2016,125,118,115,26,28,27,27
"332200010207","PS 207 ELIZABETH G LEARY",2016,148,151,116,29,29,28,27
"332200010234","JHS 234 ARTHUR W CUNNINGHAM",2016,682,671,633,33,33,33,34
"332200010240","ANDRIES HUDDE SCHOOL",2016,249,276,297,29,29,29,27
"332200010278","JHS 278 MARINE PARK",2016,299,300,320,27,29,30,29
"332200010381","IS 381",2016,104,91,115,22,23,23,24
"332200860955","HEBREW LANGUAGE ACADEMY CHARTER SCHOOL",2016,84,0,0,NULL,NULL,NULL,NULL
"332200860978","BROOKLYN DREAMS CHARTER SCHOOL",2016,81,55,56,28,28,28,28
"332300010041","PS 41 FRANCIS WHITE",2016,71,43,38,19,19,19,30
"332300010137","PS/IS 137 RACHAEL JEAN MITCHELL",2016,28,32,34,21,22,21,18
"332300010155","PS/IS 155 NICHOLAS HERKIMER",2016,42,37,51,18,26,18,26
"332300010165","PS 165 IDA POSNER",2016,47,25,37,14,17,2,19
"332300010178","PS 178 SAINT CLAIR MCKELWAY",2016,28,26,43,18,17,20,NULL
"332300010184","PS 184 NEWPORT",2016,47,44,29,25,16,14,16
"332300010284","PS 284 LEW WALLACE",2016,56,59,84,24,19,24,19
"332300010323","PS/IS 323",2016,63,55,62,29,29,29,29
"332300010327","PS 327 DR ROSE B ENGLISH",2016,51,49,65,20,28,21,22
"332300010363","BROWNSVILLE COLLABORATIVE MIDDLE SCHOOL",2016,26,38,34,30,11,20,11
"332300010392","IS 392",2016,98,96,62,28,23,28,28
"332300010518","KNOWLEDGE AND POWER PREP ACADEMY V",2016,75,58,58,28,20,NULL,NULL
"332300010522","MOTT HALL IV",2016,54,46,82,22,25,22,25
"332300010664","BROOKLYN ENVIRONMENTAL EXPLORATION SCHOOL (BEES)",2016,25,38,43,22,22,22,22
"332300010668","RIVERDALE AVENUE MIDDLE SCHOOL",2016,32,36,48,23,17,23,23
"332300010671","MOTT HALL BRIDGES ACADEMY",2016,80,66,67,40,40,40,40
"332300011644","EAGLE ACADEMY FOR YOUNG MEN II",2016,75,79,97,26,26,28,NULL
"332300011697","TEACHERS PREPARATORY HIGH SCHOOL",2016,29,18,23,25,25,25,25
"332300860912","ACHIEVEMENT FIRST BROWNSVILLE CHARTER SCHOOL",2016,81,89,93,30,NULL,NULL,NULL
"332300860936","OCEAN HILL COLLEGIATE CHARTER SCHOOL",2016,88,74,71,NULL,NULL,21,NULL
"332300860939","BROWNSVILLE COLLEGIATE  CHARTER SCHOOL",2016,96,85,77,26,NULL,NULL,NULL
"332300860941","LEADERSHIP PREPARATORY OCEAN HILL CHARTER SCHOOL",2016,85,78,0,NULL,NULL,NULL,NULL
"332300860942","LEADERSHIP PREPARATORY BROWNSVILLE CHARTER SCHOOL",2016,91,75,0,NULL,NULL,NULL,NULL
"332300860954","BROWNSVILLE ASCEND CHARTER SCHOOL",2016,108,84,0,NULL,NULL,NULL,NULL
"333200010045","PS/IS 45 HORACE E GREENE",2016,75,75,60,22,20,20,20
"333200010162","JHS 162 WILLOUGHBY (THE)",2016,161,140,167,27,28,21,25
"333200010291","JHS 291 ROLAND HAYES",2016,108,109,133,21,21,21,22
"333200010347","IS 347 SCHOOL OF HUMANITIES",2016,95,88,113,28,28,29,27
"333200010349","IS 349 MATH, SCIENCE AND TECHNOLOGY",2016,87,98,119,22,22,24,24
"333200010377","PS 377 ALEJANDINA B DE GAUTIER",2016,57,61,53,14,27,14,27
"333200010383","JHS 383 PHILIPPA SCHUYLER",2016,318,305,283,28,30,27,28
"333200010384","PS/IS 384 FRANCES E CARTER",2016,60,65,83,23,25,23,28
"333200010562","EVERGREEN MIDDLE SCHOOL FOR URBAN EXPLORATION",2016,91,97,111,21,24,16,20
"333200011554","ALL CITY LEADERSHIP SECONDARY SCHOOL",2016,60,60,60,32,30,30,NULL
"333200860906","ACHIEVEMENT FIRST BUSHWICK CHARTER SCHOOL",2016,99,90,92,30,NULL,30,31
"333200860987","BUSHWICK ASCEND CHARTER SCHOOL",2016,81,0,0,NULL,NULL,NULL,NULL
"342400010005","IS 5 THE WALTER CROWLEY INTERMEDIATE SCHOOL",2016,639,585,586,30,27,28,30
"342400010049","PS 49 DOROTHY BONAWIT KOLE",2016,133,135,111,27,28,28,27
"342400010058","PS 58 SCHOOL OF HEROES",2016,129,0,0,NULL,NULL,NULL,NULL
"342400010061","IS 61 LEONARDO DA VINCI",2016,623,729,778,28,25,27,28
"342400010073","IS 73 FRANK SANSIVIERI INTERMEDIATE SCHOOL  (THE)",2016,597,711,667,28,29,28,28
"342400010077","IS 77",2016,336,324,343,34,33,36,33
"342400010087","PS/IS 87 MIDDLE VILLAGE",2016,64,45,65,31,30,31,31
"342400010093","IS 93 RIDGEWOOD",2016,375,407,369,25,25,28,23
"342400010102","PS 102 BAYVIEW",2016,152,112,117,29,22,21,24
"342400010113","PS/IS 113 ANTHONY J PRANZO",2016,138,115,112,24,31,31,31
"342400010119","IS 119 GLENDALE (THE)",2016,225,232,244,26,26,29,29
"342400010125","IS 125 THOMAS J MCCANN WOODSIDE",2016,370,574,546,27,27,27,27
"342400010128","PS 128 THE LORRAINE TUZZO, JUNIPER VALLEY ELEMENTARY",2016,110,99,91,31,31,31,31
"342400010153","PS 153 MASPETH ELEMENTARY",2016,149,0,0,NULL,NULL,NULL,NULL
"342400010311","CORONA ARTS AND SCIENCES ACADEMY",2016,94,119,92,30,31,31,31
"342400011560","ROBERT F WAGNER JR SECONDARY SCHOOL-ARTS AND TECHNOLOGY",2016,43,26,40,20,28,20,27
"342400861025","CENTRAL QUEENS ACADEMY CHARTER SCHOOL",2016,102,101,96,24,24,24,24
"342500010025","IS 25 ADRIEN BLOCK",2016,303,282,273,33,29,32,32
"342500010164","PS 164 QUEENS VALLEY",2016,86,87,68,21,21,40,23
"342500010185","JHS 185 EDWARD BLEEKER",2016,502,487,546,33,32,30,31
"342500010189","JHS 189 DANIEL CARTER BEARD",2016,251,229,214,32,31,30,33
"342500010194","JHS 194 WILLIAM CARR",2016,391,368,346,32,33,30,32
"342500010200","PS/MS 200 POMONOK SCHOOL AND STAR ACADEMY (THE)",2016,63,52,47,19,18,19,19
"342500010219","PS 219 PAUL KLAPPER",2016,82,90,83,25,25,25,25
"342500010237","IS 237",2016,424,389,416,24,28,26,30
"342500010250","IS 250 ROBERT F KENNEDY COMMUNITY MIDDLE SCHOOL (THE)",2016,127,133,114,28,28,27,28
"342500010294","BELL ACADEMY",2016,144,128,95,33,34,21,33
"342500011252","QUEENS SCHOOL OF INQUIRY (THE)",2016,79,80,80,15,19,19,19
"342500011281","EAST-WEST SCHOOL OF INTERNATIONAL STUDIES",2016,112,110,96,29,28,32,32
"342500011285","WORLD JOURNALISM PREPARATORY:  A COLLEGE BOARD SCHOOL",2016,75,75,84,27,27,27,27
"342500011499","QUEENS COLLEGE SCHOOL FOR MATH, SCIENCE & TECHNOLOGY",2016,58,53,56,33,33,33,NULL
"342600010067","JHS 67 LOUIS PASTEUR",2016,307,305,288,30,29,30,30
"342600010074","JHS 74 NATHANIEL HAWTHORNE",2016,372,376,361,30,35,29,35
"342600010158","MS 158 MARIE CURIE",2016,379,320,369,31,33,33,33
"342600010172","IRWIN ALTMAN MIDDLE SCHOOL 172",2016,343,301,344,31,36,28,37
"342600010178","PS/IS 178 HOLLISWOOD",2016,65,56,59,28,28,40,28
"342600010216","JHS 216 GEORGE J RYAN",2016,477,451,469,32,34,32,34
"342600010266","PS/IS 266",2016,66,84,81,20,36,33,40
"342700010042","PS/MS 42 R VERNAM",2016,62,79,70,27,28,30,NULL
"342700010043","PS 43",2016,98,88,70,22,22,31,31
"342700010045","PS 45 CLARENCE WITHERSPOON",2016,31,0,0,NULL,NULL,NULL,NULL
"342700010047","PS 47 CHRIS GALAS",2016,14,7,26,25,25,25,25
"342700010053","MS 53 BRIAN PICCOLO",2016,100,117,102,33,33,33,24
"342700010105","PS 105 BAY SCHOOL (THE)",2016,78,91,89,26,28,26,26
"342700010114","PS/MS 114 BELLE HARBOR",2016,31,47,32,14,24,27,27
"342700010124","PS 124 OSMOND A CHURCH",2016,158,151,168,26,29,28,27
"342700010137","MS 137 AMERICA'S SCHOOL OF HEROES",2016,605,653,614,33,35,33,33
"342700010146","PS 146 HOWARD BEACH",2016,86,57,68,18,32,18,32
"342700010183","PS 183 DR RICHARD R GREEN",2016,69,61,41,13,NULL,17,NULL
"342700010202","JHS 202 ROBERT H GODDARD",2016,343,359,350,30,30,30,30
"342700010207","PS 207 ROCKWOOD PARK",2016,87,74,72,24,24,24,24
"342700010210","JHS 210 ELIZABETH BLACKWELL",2016,607,593,633,32,33,33,34
"342700010226","JHS 226 VIRGIL I GRISSON",2016,297,289,340,28,31,31,30
"342700010232","PS 232 LINDENWOOD",2016,111,106,87,23,29,20,28
"342700010282","KNOWLEDGE AND POWER PREPARATORY ACADEMY VI",2016,89,86,87,29,29,30,30
"342700010297","HAWTREE CREEK MIDDLE SCHOOL",2016,106,145,93,31,23,23,23
"342700010318","WATERSIDE SCHOOL FOR LEADERSHIP",2016,77,75,70,32,35,30,34
"342700010319","VILLAGE ACADEMY",2016,103,99,111,23,24,14,25
"342700010323","SCHOLARS' ACADEMY",2016,231,264,265,33,33,NULL,NULL
"342700010333","GOLDIE MAPLE ACADEMY",2016,37,44,43,22,22,22,22
"342700011262","CHANNEL VIEW SCHOOL FOR RESEARCH",2016,91,86,61,NULL,NULL,35,NULL
"342700011309","ACADEY OF MEDICAL TECHNOLOGY - A COLLEGE BOARD SCHOOL",2016,64,73,76,24,25,26,25
"342700860990","CHALLENGE PREPARATORY CHARTER SCHOOL",2016,75,0,0,NULL,NULL,NULL,NULL
"342800010008","JHS 8 RICHARD S GROSSLEY",2016,94,136,130,31,30,32,30
"342800010072","CATHERINE AND COUNT BASIE MIDDLE SCHOOL 72",2016,129,194,275,27,27,27,27
"342800010099","PS 99 KEW GARDENS",2016,85,0,0,NULL,NULL,NULL,NULL
"342800010101","PS 101 SCHOOL IN THE GARDENS",2016,26,0,0,NULL,NULL,NULL,NULL
"342800010157","JHS 157 STEPHEN A HALSEY",2016,509,487,481,35,35,36,35
"342800010190","JHS 190 RUSSELL SAGE",2016,318,363,360,29,28,30,32
"342800010217","JHS 217 ROBERT A VAN WYCK",2016,483,533,549,34,34,33,34
"342800010287","EMERSON SCHOOL (THE)",2016,99,126,95,25,22,24,21
"342800010358","MS 358",2016,129,0,0,NULL,NULL,NULL,NULL
"342800011167","METROPOLITAN EXPEDITIONARY LEARNING SCHOOL",2016,132,123,117,30,30,30,30
"342800011284","YORK EARLY COLLEGE ACADEMY",2016,91,92,94,31,31,31,32
"342800011310","QUEENS COLLEGIATE - A COLLEGE BOARD SCHOOL",2016,73,84,84,27,27,27,28
"342800011680","QUEENS GATEWAY TO HEALTH SCIENCES SECONDARY SCHOOL",2016,92,92,92,23,23,32,32
"342800011896","YOUNG WOMEN'S LEADERSHIP SCHOOL OF QUEENS",2016,80,82,77,26,26,27,26
"342900010059","IS 59 SPRINGFIELD GARDENS",2016,194,175,175,26,27,26,25
"342900010109","JEAN NUZZI INTERMEDIATE SCHOOL",2016,331,297,330,31,31,31,31
"342900010116","PS/IS 116 WILLIAM C HUGHLEY",2016,67,61,41,15,15,15,15
"342900010138","PS/MS 138 SUNRISE",2016,120,100,94,12,28,28,28
"342900010147","PS/MS 147 RONALD MCNAIR",2016,76,72,73,24,24,24,24
"342900010192","IS 192 LINDEN (THE)",2016,130,206,174,24,33,30,25
"342900010208","PS/IS 208",2016,102,84,88,29,31,28,29
"342900010238","IS 238 SUSAN B ANTHONY ACADEMY",2016,471,503,513,28,28,30,30
"342900010268","PS/IS 268",2016,63,69,52,26,26,26,26
"342900010270","GORDON PARKS SCHOOL (THE)",2016,100,64,72,23,25,23,23
"342900010289","QUEENS UNITED MIDDLE SCHOOL",2016,89,74,81,21,20,28,28
"342900010295","PS/IS 295",2016,64,64,55,13,25,16,25
"342900010355","COLLABORATIVE ARTS MIDDLE SCHOOL",2016,108,143,147,30,28,30,NULL
"342900010356","COMMUNITY VOICES MIDDLE SCHOOL",2016,105,120,146,28,29,27,29
"342900011259","PATHWAYS COLLEGE PREPARATORY SCHOOL:  A COLLEGE BOARD SCHOOL",2016,79,76,59,31,30,31,31
"342900011283","PREPARATORY ACADEMY FOR WRITERS:  A COLLEGE BOARD SCHOOL",2016,59,57,52,NULL,NULL,29,27
"342900011327","EAGLE ACADEMY FOR YOUNG MEN III",2016,86,87,76,24,40,25,28
"342900860974","RIVERTON STREET CHARTER SCHOOL",2016,81,58,56,29,29,29,28
"343000010010","IS 10 HORACE GREELEY",2016,214,283,301,30,30,30,30
"343000010011","PS 11 KATHRYN PHELAN",2016,149,0,0,NULL,NULL,NULL,NULL
"343000010078","PS/IS 78",2016,30,37,31,16,15,16,15
"343000010111","PS 111 JACOB BLACKWELL",2016,25,34,35,27,NULL,27,27
"343000010122","PS 122 MAMIE FAY",2016,109,84,92,31,31,31,31
"343000010126","ALBERT SHANKER SCHOOL FOR VISUAL AND PERFORMING ARTS",2016,187,188,204,23,30,31,31
"343000010127","PS 127 AEROSPACE SCIENCE MAGNET",2016,154,123,129,14,16,21,16
"343000010141","IS 141 STEINWAY (THE)",2016,358,411,389,29,29,29,29
"343000010145","IS 145 JOSEPH PULITZER",2016,547,693,678,26,28,27,30
"343000010150","PS 150",2016,105,0,0,NULL,NULL,NULL,NULL
"343000010204","IS 204 OLIVER W HOLMES",2016,156,154,175,27,27,25,26
"343000010230","IS 230",2016,432,432,327,30,30,30,29
"343000010235","ACADEMY FOR NEW AMERICANS",2016,20,49,66,24,24,NULL,24
"343000010291","HUNTERS POINT COMMUNITY MIDDLE SCHOOL",2016,115,135,121,24,22,24,24
"343000010300","30TH AVENUE SCHOOL (THE)",2016,50,26,0,NULL,NULL,NULL,NULL
"343000011227","IS 227 LOUIS ARMSTRONG",2016,465,458,449,19,17,29,29
"343000011286","YOUNG WOMENS LEADERSHIP SCHOOL",2016,85,83,76,28,28,NULL,NULL
"343000860822","RENAISSANCE CHARTER SCHOOL (THE)",2016,50,55,52,25,NULL,26,26
"343000860836","OUR WORLD NEIGHBORHOOD CHARTER SCHOOL",2016,76,77,75,NULL,NULL,NULL,NULL
"343000860932","VOICE CHARTER SCHOOL OF NEW YORK",2016,60,61,31,NULL,31,31,NULL
"343000860952","GROWING UP GREEN CHARTER SCHOOL",2016,88,92,0,NULL,NULL,NULL,NULL
"353100010002","IS 2 GEORGE L EGBERT",2016,281,274,253,33,29,33,33
"353100010007","IS 7 ELIAS BERNSTEIN",2016,382,402,405,34,34,34,34
"353100010024","IS 24 MYRA S BARNES",2016,383,452,452,33,33,31,33
"353100010027","IS 27 ANNING S PRALL",2016,321,341,374,35,37,36,38
"353100010034","IS 34 TOTTENVILLE",2016,396,386,384,33,34,33,34
"353100010048","PS 48 WILLIAM C WILCOX",2016,126,98,92,31,35,31,32
"353100010049","IS 49 BERTHA A DREYFUS",2016,254,244,268,30,31,30,30
"353100010051","IS 51 EDWIN MARKHAM",2016,410,378,460,30,30,30,30
"353100010061","IS 61 WILLIAM A MORRIS",2016,340,396,378,28,30,27,27
"353100010063","MARSH AVENUE SCHOOL FOR EXPEDITIONARY LEARNING",2016,167,139,137,33,32,33,33
"353100010072","IS 72 ROCCO LAURIE",2016,454,422,431,29,33,31,32
"353100010075","IS 75 FRANK D PAULO",2016,406,502,467,29,29,30,29
"353100010861","STATEN ISLAND SCHOOL OF CIVIC LEADERSHIP",2016,100,100,97,25,30,30,25
"353100011080","MICHAEL J PETRIDES SCHOOL (THE)",2016,101,91,92,32,30,32,31
"353100860959","JOHN W LAVELLE PREPARATORY CHARTER SCHOOL",2016,133,119,118,28,16,25,NULL
"353100860984","NEW WORLD PREPARATORY CHARTER SCHOOL",2016,127,127,120,24,24,24,24
